Sprite标识,原图,SHA256,格子,行,列,矩形左下角,名称,规则ID,归属,规则状态,替换目标,份数说明
city_style_1_001,游城拓荒/素材/城市样式牌1.jpg,7644904a93cb936dce3dd4ced190ae8533ebbcc58a6eb3f78506e6528a8f75e0,1,1,1,"{""x"": 0, ""y"": 1200, ""width"": 930, ""height"": 600}",军工化区域,city_style_military_industrial_area,core,implemented,{},
city_style_1_002,游城拓荒/素材/城市样式牌1.jpg,7644904a93cb936dce3dd4ced190ae8533ebbcc58a6eb3f78506e6528a8f75e0,2,1,2,"{""x"": 930, ""y"": 1200, ""width"": 930, ""height"": 600}",动员配套体系,city_style_mobilization_support_system,core,implemented,{},
city_style_1_003,游城拓荒/素材/城市样式牌1.jpg,7644904a93cb936dce3dd4ced190ae8533ebbcc58a6eb3f78506e6528a8f75e0,3,1,3,"{""x"": 1860, ""y"": 1200, ""width"": 930, ""height"": 600}",复合动力系统,city_style_composite_power_system,core,implemented,{},
city_style_1_005,游城拓荒/素材/城市样式牌1.jpg,7644904a93cb936dce3dd4ced190ae8533ebbcc58a6eb3f78506e6528a8f75e0,5,2,2,"{""x"": 930, ""y"": 600, ""width"": 930, ""height"": 600}",城建开拓区,,enterprise,missing,{},
city_style_1_006,游城拓荒/素材/城市样式牌1.jpg,7644904a93cb936dce3dd4ced190ae8533ebbcc58a6eb3f78506e6528a8f75e0,6,2,3,"{""x"": 1860, ""y"": 600, ""width"": 930, ""height"": 600}",拓荒者据点,,enterprise,missing,{},
city_style_1_007,游城拓荒/素材/城市样式牌1.jpg,7644904a93cb936dce3dd4ced190ae8533ebbcc58a6eb3f78506e6528a8f75e0,7,3,1,"{""x"": 0, ""y"": 0, ""width"": 930, ""height"": 600}",核心商业区,,enterprise,missing,{},
city_style_1_008,游城拓荒/素材/城市样式牌1.jpg,7644904a93cb936dce3dd4ced190ae8533ebbcc58a6eb3f78506e6528a8f75e0,8,3,2,"{""x"": 930, ""y"": 0, ""width"": 930, ""height"": 600}",大型企业园,,enterprise,missing,{},
city_style_1_009,游城拓荒/素材/城市样式牌1.jpg,7644904a93cb936dce3dd4ced190ae8533ebbcc58a6eb3f78506e6528a8f75e0,9,3,3,"{""x"": 1860, ""y"": 0, ""width"": 930, ""height"": 600}",物资中继站,city_style_material_relay_station,core,implemented,{},
city_style_2_001,游城拓荒/素材/城市样式牌2.jpg,3945062c584e2309efee54db608403e9977a7b35143b1da17af3ddc9177a9eda,1,1,1,"{""x"": 0, ""y"": 600, ""width"": 930, ""height"": 600}",源石工业中枢,city_style_source_stone_industrial_hub,core,implemented,{},
city_style_2_002,游城拓荒/素材/城市样式牌2.jpg,3945062c584e2309efee54db608403e9977a7b35143b1da17af3ddc9177a9eda,2,1,2,"{""x"": 930, ""y"": 600, ""width"": 930, ""height"": 600}",高效移动管理体系,city_style_efficient_mobile_management_system,core,implemented,{},
city_style_2_003,游城拓荒/素材/城市样式牌2.jpg,3945062c584e2309efee54db608403e9977a7b35143b1da17af3ddc9177a9eda,3,2,1,"{""x"": 0, ""y"": 0, ""width"": 930, ""height"": 600}",警备队辖区,,enterprise,missing,{},
city_style_2_004,游城拓荒/素材/城市样式牌2.jpg,3945062c584e2309efee54db608403e9977a7b35143b1da17af3ddc9177a9eda,4,2,2,"{""x"": 930, ""y"": 0, ""width"": 930, ""height"": 600}",拓荒指挥中枢,,enterprise,missing,{},
character_001,游城拓荒/素材/角色卡.jpg,42859d86d80867bea640052ef8e85348063c45b72f4c0add8cc0a47f4ae76847,1,1,1,"{""x"": 0, ""y"": 850, ""width"": 600, ""height"": 850}",雷蛇,liskarm,core,implemented,{},
character_002,游城拓荒/素材/角色卡.jpg,42859d86d80867bea640052ef8e85348063c45b72f4c0add8cc0a47f4ae76847,2,1,2,"{""x"": 600, ""y"": 850, ""width"": 600, ""height"": 850}",德克萨斯,texas,core,implemented,{},
character_003,游城拓荒/素材/角色卡.jpg,42859d86d80867bea640052ef8e85348063c45b72f4c0add8cc0a47f4ae76847,3,1,3,"{""x"": 1200, ""y"": 850, ""width"": 600, ""height"": 850}",锡人,tin-man,core,implemented,{},
character_004,游城拓荒/素材/角色卡.jpg,42859d86d80867bea640052ef8e85348063c45b72f4c0add8cc0a47f4ae76847,4,1,4,"{""x"": 1800, ""y"": 850, ""width"": 600, ""height"": 850}",坎诺特,cannot,core,implemented,{},
character_005,游城拓荒/素材/角色卡.jpg,42859d86d80867bea640052ef8e85348063c45b72f4c0add8cc0a47f4ae76847,5,2,1,"{""x"": 0, ""y"": 0, ""width"": 600, ""height"": 850}",极境,elysium,core,implemented,{},
character_006,游城拓荒/素材/角色卡.jpg,42859d86d80867bea640052ef8e85348063c45b72f4c0add8cc0a47f4ae76847,6,2,2,"{""x"": 600, ""y"": 0, ""width"": 600, ""height"": 850}",玛恩纳,,enterprise,missing,{},
character_007,游城拓荒/素材/角色卡.jpg,42859d86d80867bea640052ef8e85348063c45b72f4c0add8cc0a47f4ae76847,7,2,3,"{""x"": 1200, ""y"": 0, ""width"": 600, ""height"": 850}",山,,enterprise,missing,{},
facility_001,游城拓荒/素材/建设牌堆.jpg,5025430462e59fb39e424f0ff44c30d7027fb1e04d40ed26b880ae98146eb269,1,1,1,"{""x"": 0, ""y"": 4250, ""width"": 600, ""height"": 850}",城邦行政区,building_001,core,implemented,{},
facility_002,游城拓荒/素材/建设牌堆.jpg,5025430462e59fb39e424f0ff44c30d7027fb1e04d40ed26b880ae98146eb269,2,1,2,"{""x"": 600, ""y"": 4250, ""width"": 600, ""height"": 850}",城邦行政区,building_002,core,implemented,{},
facility_003,游城拓荒/素材/建设牌堆.jpg,5025430462e59fb39e424f0ff44c30d7027fb1e04d40ed26b880ae98146eb269,3,1,3,"{""x"": 1200, ""y"": 4250, ""width"": 600, ""height"": 850}",城邦行政区,building_003,core,implemented,{},
facility_004,游城拓荒/素材/建设牌堆.jpg,5025430462e59fb39e424f0ff44c30d7027fb1e04d40ed26b880ae98146eb269,4,1,4,"{""x"": 1800, ""y"": 4250, ""width"": 600, ""height"": 850}",附属能源设施,building_004,core,implemented,{},
facility_005,游城拓荒/素材/建设牌堆.jpg,5025430462e59fb39e424f0ff44c30d7027fb1e04d40ed26b880ae98146eb269,5,1,5,"{""x"": 2400, ""y"": 4250, ""width"": 600, ""height"": 850}",附属能源设施,building_005,core,implemented,{},
facility_006,游城拓荒/素材/建设牌堆.jpg,5025430462e59fb39e424f0ff44c30d7027fb1e04d40ed26b880ae98146eb269,6,1,6,"{""x"": 3000, ""y"": 4250, ""width"": 600, ""height"": 850}",附属能源设施,building_006,core,implemented,{},
facility_007,游城拓荒/素材/建设牌堆.jpg,5025430462e59fb39e424f0ff44c30d7027fb1e04d40ed26b880ae98146eb269,7,1,7,"{""x"": 3600, ""y"": 4250, ""width"": 600, ""height"": 850}",联邦理事处,building_007,core,implemented,{},
facility_008,游城拓荒/素材/建设牌堆.jpg,5025430462e59fb39e424f0ff44c30d7027fb1e04d40ed26b880ae98146eb269,8,1,8,"{""x"": 4200, ""y"": 4250, ""width"": 600, ""height"": 850}",联邦理事处,building_008,core,implemented,{},
facility_009,游城拓荒/素材/建设牌堆.jpg,5025430462e59fb39e424f0ff44c30d7027fb1e04d40ed26b880ae98146eb269,9,1,9,"{""x"": 4800, ""y"": 4250, ""width"": 600, ""height"": 850}",联邦理事处,building_009,core,implemented,{},
facility_010,游城拓荒/素材/建设牌堆.jpg,5025430462e59fb39e424f0ff44c30d7027fb1e04d40ed26b880ae98146eb269,10,2,1,"{""x"": 0, ""y"": 3400, ""width"": 600, ""height"": 850}",简陋工程营,building_010,core,implemented,{},
facility_011,游城拓荒/素材/建设牌堆.jpg,5025430462e59fb39e424f0ff44c30d7027fb1e04d40ed26b880ae98146eb269,11,2,2,"{""x"": 600, ""y"": 3400, ""width"": 600, ""height"": 850}",简陋工程营,building_011,core,implemented,{},
facility_012,游城拓荒/素材/建设牌堆.jpg,5025430462e59fb39e424f0ff44c30d7027fb1e04d40ed26b880ae98146eb269,12,2,3,"{""x"": 1200, ""y"": 3400, ""width"": 600, ""height"": 850}",物流枢纽,building_012,core,implemented,{},
facility_013,游城拓荒/素材/建设牌堆.jpg,5025430462e59fb39e424f0ff44c30d7027fb1e04d40ed26b880ae98146eb269,13,2,4,"{""x"": 1800, ""y"": 3400, ""width"": 600, ""height"": 850}",物流枢纽,building_013,core,implemented,{},
facility_014,游城拓荒/素材/建设牌堆.jpg,5025430462e59fb39e424f0ff44c30d7027fb1e04d40ed26b880ae98146eb269,14,2,5,"{""x"": 2400, ""y"": 3400, ""width"": 600, ""height"": 850}",源石精炼厂,building_014,core,implemented,{},
facility_015,游城拓荒/素材/建设牌堆.jpg,5025430462e59fb39e424f0ff44c30d7027fb1e04d40ed26b880ae98146eb269,15,2,6,"{""x"": 3000, ""y"": 3400, ""width"": 600, ""height"": 850}",城市化区域,building_015,core,implemented,{},
facility_016,游城拓荒/素材/建设牌堆.jpg,5025430462e59fb39e424f0ff44c30d7027fb1e04d40ed26b880ae98146eb269,16,2,7,"{""x"": 3600, ""y"": 3400, ""width"": 600, ""height"": 850}",城市化区域,building_016,core,implemented,{},
facility_017,游城拓荒/素材/建设牌堆.jpg,5025430462e59fb39e424f0ff44c30d7027fb1e04d40ed26b880ae98146eb269,17,2,8,"{""x"": 4200, ""y"": 3400, ""width"": 600, ""height"": 850}",城市化区域,building_017,core,implemented,{},
facility_018,游城拓荒/素材/建设牌堆.jpg,5025430462e59fb39e424f0ff44c30d7027fb1e04d40ed26b880ae98146eb269,18,2,9,"{""x"": 4800, ""y"": 3400, ""width"": 600, ""height"": 850}",异铁冶炼厂,building_018,core,implemented,{},
facility_019,游城拓荒/素材/建设牌堆.jpg,5025430462e59fb39e424f0ff44c30d7027fb1e04d40ed26b880ae98146eb269,19,3,1,"{""x"": 0, ""y"": 2550, ""width"": 600, ""height"": 850}",贸易街区,building_019,core,implemented,{},
facility_020,游城拓荒/素材/建设牌堆.jpg,5025430462e59fb39e424f0ff44c30d7027fb1e04d40ed26b880ae98146eb269,20,3,2,"{""x"": 600, ""y"": 2550, ""width"": 600, ""height"": 850}",贸易街区,building_020,core,implemented,{},
facility_021,游城拓荒/素材/建设牌堆.jpg,5025430462e59fb39e424f0ff44c30d7027fb1e04d40ed26b880ae98146eb269,21,3,3,"{""x"": 1200, ""y"": 2550, ""width"": 600, ""height"": 850}",贸易街区,building_021,core,implemented,{},
facility_022,游城拓荒/素材/建设牌堆.jpg,5025430462e59fb39e424f0ff44c30d7027fb1e04d40ed26b880ae98146eb269,22,3,4,"{""x"": 1800, ""y"": 2550, ""width"": 600, ""height"": 850}",蓝色延伸枢纽,reserve_002,core,implemented,{},
facility_023,游城拓荒/素材/建设牌堆.jpg,5025430462e59fb39e424f0ff44c30d7027fb1e04d40ed26b880ae98146eb269,23,3,5,"{""x"": 2400, ""y"": 2550, ""width"": 600, ""height"": 850}",城邦工业区,building_022,core,implemented,{},
facility_024,游城拓荒/素材/建设牌堆.jpg,5025430462e59fb39e424f0ff44c30d7027fb1e04d40ed26b880ae98146eb269,24,3,6,"{""x"": 3000, ""y"": 2550, ""width"": 600, ""height"": 850}",城邦工业区,building_023,core,implemented,{},
facility_025,游城拓荒/素材/建设牌堆.jpg,5025430462e59fb39e424f0ff44c30d7027fb1e04d40ed26b880ae98146eb269,25,3,7,"{""x"": 3600, ""y"": 2550, ""width"": 600, ""height"": 850}",城邦工业区,building_024,core,implemented,{},
facility_026,游城拓荒/素材/建设牌堆.jpg,5025430462e59fb39e424f0ff44c30d7027fb1e04d40ed26b880ae98146eb269,26,3,8,"{""x"": 4200, ""y"": 2550, ""width"": 600, ""height"": 850}",高性能动力设施,building_025,core,implemented,{},
facility_027,游城拓荒/素材/建设牌堆.jpg,5025430462e59fb39e424f0ff44c30d7027fb1e04d40ed26b880ae98146eb269,27,3,9,"{""x"": 4800, ""y"": 2550, ""width"": 600, ""height"": 850}",高性能动力设施,building_026,core,implemented,{},
facility_028,游城拓荒/素材/建设牌堆.jpg,5025430462e59fb39e424f0ff44c30d7027fb1e04d40ed26b880ae98146eb269,28,4,1,"{""x"": 0, ""y"": 1700, ""width"": 600, ""height"": 850}",固源岩提纯厂,building_027,core,implemented,{},
facility_029,游城拓荒/素材/建设牌堆.jpg,5025430462e59fb39e424f0ff44c30d7027fb1e04d40ed26b880ae98146eb269,29,4,2,"{""x"": 600, ""y"": 1700, ""width"": 600, ""height"": 850}",源石精炼厂,building_028,core,implemented,{},
facility_030,游城拓荒/素材/建设牌堆.jpg,5025430462e59fb39e424f0ff44c30d7027fb1e04d40ed26b880ae98146eb269,30,4,3,"{""x"": 1200, ""y"": 1700, ""width"": 600, ""height"": 850}",开采电铲,building_029,core,implemented,{},
facility_031,游城拓荒/素材/建设牌堆.jpg,5025430462e59fb39e424f0ff44c30d7027fb1e04d40ed26b880ae98146eb269,31,4,4,"{""x"": 1800, ""y"": 1700, ""width"": 600, ""height"": 850}",开采电铲,building_030,core,implemented,{},
facility_032,游城拓荒/素材/建设牌堆.jpg,5025430462e59fb39e424f0ff44c30d7027fb1e04d40ed26b880ae98146eb269,32,4,5,"{""x"": 2400, ""y"": 1700, ""width"": 600, ""height"": 850}",开采电铲,building_031,core,implemented,{},
facility_033,游城拓荒/素材/建设牌堆.jpg,5025430462e59fb39e424f0ff44c30d7027fb1e04d40ed26b880ae98146eb269,33,4,6,"{""x"": 3000, ""y"": 1700, ""width"": 600, ""height"": 850}",黄色延伸枢纽,reserve_003,core,implemented,{},
facility_034,游城拓荒/素材/建设牌堆.jpg,5025430462e59fb39e424f0ff44c30d7027fb1e04d40ed26b880ae98146eb269,34,4,7,"{""x"": 3600, ""y"": 1700, ""width"": 600, ""height"": 850}",异铁冶炼厂,building_032,core,implemented,{},
facility_035,游城拓荒/素材/建设牌堆.jpg,5025430462e59fb39e424f0ff44c30d7027fb1e04d40ed26b880ae98146eb269,35,4,8,"{""x"": 4200, ""y"": 1700, ""width"": 600, ""height"": 850}",固源岩提纯厂,building_033,core,implemented,{},
facility_036,游城拓荒/素材/建设牌堆.jpg,5025430462e59fb39e424f0ff44c30d7027fb1e04d40ed26b880ae98146eb269,36,4,9,"{""x"": 4800, ""y"": 1700, ""width"": 600, ""height"": 850}",佣兵指挥部,building_034,core,implemented,{},
facility_037,游城拓荒/素材/建设牌堆.jpg,5025430462e59fb39e424f0ff44c30d7027fb1e04d40ed26b880ae98146eb269,37,5,1,"{""x"": 0, ""y"": 850, ""width"": 600, ""height"": 850}",佣兵指挥部,building_035,core,implemented,{},
facility_038,游城拓荒/素材/建设牌堆.jpg,5025430462e59fb39e424f0ff44c30d7027fb1e04d40ed26b880ae98146eb269,38,5,2,"{""x"": 600, ""y"": 850, ""width"": 600, ""height"": 850}",佣兵指挥部,building_036,core,implemented,{},
facility_039,游城拓荒/素材/建设牌堆.jpg,5025430462e59fb39e424f0ff44c30d7027fb1e04d40ed26b880ae98146eb269,39,5,3,"{""x"": 1200, ""y"": 850, ""width"": 600, ""height"": 850}",护航调度中心,building_037,core,implemented,{},
facility_040,游城拓荒/素材/建设牌堆.jpg,5025430462e59fb39e424f0ff44c30d7027fb1e04d40ed26b880ae98146eb269,40,5,4,"{""x"": 1800, ""y"": 850, ""width"": 600, ""height"": 850}",护航调度中心,building_038,core,implemented,{},
facility_041,游城拓荒/素材/建设牌堆.jpg,5025430462e59fb39e424f0ff44c30d7027fb1e04d40ed26b880ae98146eb269,41,5,5,"{""x"": 2400, ""y"": 850, ""width"": 600, ""height"": 850}",载具仓库,building_039,core,implemented,{},
facility_042,游城拓荒/素材/建设牌堆.jpg,5025430462e59fb39e424f0ff44c30d7027fb1e04d40ed26b880ae98146eb269,42,5,6,"{""x"": 3000, ""y"": 850, ""width"": 600, ""height"": 850}",载具仓库,building_040,core,implemented,{},
facility_043,游城拓荒/素材/建设牌堆.jpg,5025430462e59fb39e424f0ff44c30d7027fb1e04d40ed26b880ae98146eb269,43,5,7,"{""x"": 3600, ""y"": 850, ""width"": 600, ""height"": 850}",载具仓库,building_041,core,implemented,{},
facility_044,游城拓荒/素材/建设牌堆.jpg,5025430462e59fb39e424f0ff44c30d7027fb1e04d40ed26b880ae98146eb269,44,5,8,"{""x"": 4200, ""y"": 850, ""width"": 600, ""height"": 850}",红色延伸枢纽,reserve_004,core,implemented,{},
facility_045,游城拓荒/素材/建设牌堆.jpg,5025430462e59fb39e424f0ff44c30d7027fb1e04d40ed26b880ae98146eb269,45,5,9,"{""x"": 4800, ""y"": 850, ""width"": 600, ""height"": 850}",核心指挥塔,reserve_001,core,implemented,{},共用规则定义；开局每位玩家建立一座，源图四个位置均登记，不加入普通牌堆。
facility_046,游城拓荒/素材/建设牌堆.jpg,5025430462e59fb39e424f0ff44c30d7027fb1e04d40ed26b880ae98146eb269,46,6,1,"{""x"": 0, ""y"": 0, ""width"": 600, ""height"": 850}",核心指挥塔,reserve_001,core,implemented,{},共用规则定义；开局每位玩家建立一座，源图四个位置均登记，不加入普通牌堆。
facility_047,游城拓荒/素材/建设牌堆.jpg,5025430462e59fb39e424f0ff44c30d7027fb1e04d40ed26b880ae98146eb269,47,6,2,"{""x"": 600, ""y"": 0, ""width"": 600, ""height"": 850}",核心指挥塔,reserve_001,core,implemented,{},共用规则定义；开局每位玩家建立一座，源图四个位置均登记，不加入普通牌堆。
facility_048,游城拓荒/素材/建设牌堆.jpg,5025430462e59fb39e424f0ff44c30d7027fb1e04d40ed26b880ae98146eb269,48,6,3,"{""x"": 1200, ""y"": 0, ""width"": 600, ""height"": 850}",核心指挥塔,reserve_001,core,implemented,{},共用规则定义；开局每位玩家建立一座，源图四个位置均登记，不加入普通牌堆。
facility_049,游城拓荒/素材/建设牌堆.jpg,5025430462e59fb39e424f0ff44c30d7027fb1e04d40ed26b880ae98146eb269,49,6,4,"{""x"": 1800, ""y"": 0, ""width"": 600, ""height"": 850}",红色企业办事处,facility_enterprise_office,enterprise,missing,{},旧 facility_enterprise_office 为无色占位且无企业规则，保留旧 ID 的禁用定义仅用于追溯，不加入任何牌池。
facility_050,游城拓荒/素材/建设牌堆.jpg,5025430462e59fb39e424f0ff44c30d7027fb1e04d40ed26b880ae98146eb269,50,6,5,"{""x"": 2400, ""y"": 0, ""width"": 600, ""height"": 850}",蓝色企业办事处,,enterprise,missing,{},无有效规则定义，仅登记切片。
facility_051,游城拓荒/素材/建设牌堆.jpg,5025430462e59fb39e424f0ff44c30d7027fb1e04d40ed26b880ae98146eb269,51,6,6,"{""x"": 3000, ""y"": 0, ""width"": 600, ""height"": 850}",黄色企业办事处,,enterprise,missing,{},无有效规则定义，仅登记切片。
event_green_001,游城拓荒/素材/绿色.jpg,63b1bd527eff0c8b75e9d3746cb4ebf296473f6108fecbbcfe613c75f7a8db2d,1,1,1,"{""x"": 0, ""y"": 1200, ""width"": 850, ""height"": 600}",中立采石场,event_green_01,core,implemented,{},
event_green_002,游城拓荒/素材/绿色.jpg,63b1bd527eff0c8b75e9d3746cb4ebf296473f6108fecbbcfe613c75f7a8db2d,2,1,2,"{""x"": 850, ""y"": 1200, ""width"": 850, ""height"": 600}",清理虫巢,event_green_02,core,implemented,{},
event_green_003,游城拓荒/素材/绿色.jpg,63b1bd527eff0c8b75e9d3746cb4ebf296473f6108fecbbcfe613c75f7a8db2d,3,2,1,"{""x"": 0, ""y"": 600, ""width"": 850, ""height"": 600}",外露矿床,event_green_03,core,implemented,{},
event_green_004,游城拓荒/素材/绿色.jpg,63b1bd527eff0c8b75e9d3746cb4ebf296473f6108fecbbcfe613c75f7a8db2d,4,2,2,"{""x"": 850, ""y"": 600, ""width"": 850, ""height"": 600}",富饶岩层,event_green_04,core,implemented,{},
event_green_005,游城拓荒/素材/绿色.jpg,63b1bd527eff0c8b75e9d3746cb4ebf296473f6108fecbbcfe613c75f7a8db2d,5,3,1,"{""x"": 0, ""y"": 0, ""width"": 850, ""height"": 600}",矿业聚落,event_green_05,core,implemented,{},
event_green_006,游城拓荒/素材/绿色.jpg,63b1bd527eff0c8b75e9d3746cb4ebf296473f6108fecbbcfe613c75f7a8db2d,6,3,2,"{""x"": 850, ""y"": 0, ""width"": 850, ""height"": 600}",废弃矿坑（4）,event_green_06,core,implemented,{},
event_yellow_001,游城拓荒/素材/黄色.jpg,bbbeae9e4a6dfc7898e8020e1e1c757854b447e0ce6f9e4ab5cad064fe5d6612,1,1,1,"{""x"": 0, ""y"": 3000, ""width"": 850, ""height"": 600}",大型源岩场,event_yellow_01,core,implemented,{},
event_yellow_002,游城拓荒/素材/黄色.jpg,bbbeae9e4a6dfc7898e8020e1e1c757854b447e0ce6f9e4ab5cad064fe5d6612,2,1,2,"{""x"": 850, ""y"": 3000, ""width"": 850, ""height"": 600}",洞穴遗迹,event_yellow_02,core,implemented,{},
event_yellow_003,游城拓荒/素材/黄色.jpg,bbbeae9e4a6dfc7898e8020e1e1c757854b447e0ce6f9e4ab5cad064fe5d6612,3,2,1,"{""x"": 0, ""y"": 2400, ""width"": 850, ""height"": 600}",荒地人村落,event_yellow_03,core,implemented,{},
event_yellow_004,游城拓荒/素材/黄色.jpg,bbbeae9e4a6dfc7898e8020e1e1c757854b447e0ce6f9e4ab5cad064fe5d6612,4,2,2,"{""x"": 850, ""y"": 2400, ""width"": 850, ""height"": 600}",锈锤领地,event_yellow_04,core,implemented,{},
event_yellow_005,游城拓荒/素材/黄色.jpg,bbbeae9e4a6dfc7898e8020e1e1c757854b447e0ce6f9e4ab5cad064fe5d6612,5,3,1,"{""x"": 0, ""y"": 1800, ""width"": 850, ""height"": 600}",情报交换（4）,event_yellow_05,core,implemented,{},
event_yellow_006,游城拓荒/素材/黄色.jpg,bbbeae9e4a6dfc7898e8020e1e1c757854b447e0ce6f9e4ab5cad064fe5d6612,6,3,2,"{""x"": 850, ""y"": 1800, ""width"": 850, ""height"": 600}",风险任务,event_yellow_06,core,implemented,{},
event_yellow_007,游城拓荒/素材/黄色.jpg,bbbeae9e4a6dfc7898e8020e1e1c757854b447e0ce6f9e4ab5cad064fe5d6612,7,4,1,"{""x"": 0, ""y"": 1200, ""width"": 850, ""height"": 600}",异铁开采权,event_yellow_07,core,implemented,{},
event_yellow_008,游城拓荒/素材/黄色.jpg,bbbeae9e4a6dfc7898e8020e1e1c757854b447e0ce6f9e4ab5cad064fe5d6612,8,4,2,"{""x"": 850, ""y"": 1200, ""width"": 850, ""height"": 600}",敌对生态圈（4）,event_yellow_08,core,implemented,{},
event_yellow_009,游城拓荒/素材/黄色.jpg,bbbeae9e4a6dfc7898e8020e1e1c757854b447e0ce6f9e4ab5cad064fe5d6612,9,5,1,"{""x"": 0, ""y"": 600, ""width"": 850, ""height"": 600}",富异铁区,event_yellow_09,core,implemented,{},
event_yellow_010,游城拓荒/素材/黄色.jpg,bbbeae9e4a6dfc7898e8020e1e1c757854b447e0ce6f9e4ab5cad064fe5d6612,10,5,2,"{""x"": 850, ""y"": 600, ""width"": 850, ""height"": 600}",遭弃矿场,event_yellow_10,core,implemented,{},
event_yellow_012,游城拓荒/素材/黄色.jpg,bbbeae9e4a6dfc7898e8020e1e1c757854b447e0ce6f9e4ab5cad064fe5d6612,12,6,2,"{""x"": 850, ""y"": 0, ""width"": 850, ""height"": 600}",洞穴遗迹（企业选项版）,,enterprise,missing,"{""expansionId"": ""core"", ""contentType"": ""event"", ""definitionId"": ""event_yellow_02""}",企业规则未实现；仅登记替换关系，不展示该版本来执行基础规则。
event_red_001,游城拓荒/素材/红色.jpg,8c7b40b058feef043701c249fe8c4602be5eac1ea7002baf75580f6111e06eff,1,1,1,"{""x"": 0, ""y"": 1800, ""width"": 850, ""height"": 600}",险中净土,event_red_01,core,implemented,{},
event_red_002,游城拓荒/素材/红色.jpg,8c7b40b058feef043701c249fe8c4602be5eac1ea7002baf75580f6111e06eff,2,1,2,"{""x"": 850, ""y"": 1800, ""width"": 850, ""height"": 600}",裂谷矿脉,event_red_02,core,implemented,{},
event_red_003,游城拓荒/素材/红色.jpg,8c7b40b058feef043701c249fe8c4602be5eac1ea7002baf75580f6111e06eff,3,2,1,"{""x"": 0, ""y"": 1200, ""width"": 850, ""height"": 600}",采集平台残骸,event_red_03,core,implemented,{},
event_red_004,游城拓荒/素材/红色.jpg,8c7b40b058feef043701c249fe8c4602be5eac1ea7002baf75580f6111e06eff,4,2,2,"{""x"": 850, ""y"": 1200, ""width"": 850, ""height"": 600}",高污染环境,event_red_04,core,implemented,{},
event_red_005,游城拓荒/素材/红色.jpg,8c7b40b058feef043701c249fe8c4602be5eac1ea7002baf75580f6111e06eff,5,3,1,"{""x"": 0, ""y"": 600, ""width"": 850, ""height"": 600}",深层矿床（4）,event_red_05,core,implemented,{},
event_red_006,游城拓荒/素材/红色.jpg,8c7b40b058feef043701c249fe8c4602be5eac1ea7002baf75580f6111e06eff,6,3,2,"{""x"": 850, ""y"": 600, ""width"": 850, ""height"": 600}",地质瑰宝,event_red_06,core,implemented,{},
event_red_007,游城拓荒/素材/红色.jpg,8c7b40b058feef043701c249fe8c4602be5eac1ea7002baf75580f6111e06eff,7,4,1,"{""x"": 0, ""y"": 0, ""width"": 850, ""height"": 600}",采集平台残骸（企业选项版）,,enterprise,missing,"{""expansionId"": ""core"", ""contentType"": ""event"", ""definitionId"": ""event_red_03""}",企业规则未实现；仅登记替换关系，不展示该版本来执行基础规则。
