地图ID,素材槽ID,规则槽ID,源预制体,槽根Transform文件ID,旧X2048,旧Y2048,新X2048,新Y2048,归一化X,归一化Y左上,相对偏移X,相对偏移Y
map-four-players,A-01-S1,location:A-01:0,Assets/YC/Presentation/Prefabs/Map/MapView.prefab,2769847866930799509,1637.3760000000002,1535.7952,1637.5,1535.5,0.799560546875,0.250244140625,-0.04173945312500005,0.005644140624999988
map-four-players,A-01-S2,location:A-01:1,Assets/YC/Presentation/Prefabs/Map/MapView.prefab,4355460693564321793,1637.3760000000002,1494.0159999999998,1637.5,1493.5,0.799560546875,0.270751953125,-0.04173945312500005,0.026151953124999988
map-four-players,A-02-S1,location:A-02:0,Assets/YC/Presentation/Prefabs/Map/MapView.prefab,9167747789441110880,1624.6784,1124.5568,1625.0,1124.5,0.79345703125,0.450927734375,-0.04164296874999995,0.005527734374999982
map-four-players,A-02-S2,location:A-02:1,Assets/YC/Presentation/Prefabs/Map/MapView.prefab,462617608139489,1624.6784,1082.7776,1625.0,1082.5,0.79345703125,0.471435546875,-0.04164296874999995,0.026035546874999982
map-four-players,A-03-S1,location:A-03:0,Assets/YC/Presentation/Prefabs/Map/MapView.prefab,4035098197853540949,1336.3200000000002,1064.3456,1336.5,1064.0,0.652587890625,0.48046875,-0.04171210937500003,0.00566875
map-four-players,A-03-S2,location:A-03:1,Assets/YC/Presentation/Prefabs/Map/MapView.prefab,2968525553479133485,1336.3200000000002,1022.5664,1336.5,1022.5,0.652587890625,0.500732421875,-0.04171210937500003,0.025932421875
map-four-players,B-01-S1,location:B-01:0,Assets/YC/Presentation/Prefabs/Map/MapView.prefab,3669606237281616863,1775.4112,717.4144,1775.5,717.5,0.866943359375,0.649658203125,-0.04175664062499995,0.005458203125000005
map-four-players,B-01-S2,location:B-01:1,Assets/YC/Presentation/Prefabs/Map/MapView.prefab,8495538654940463641,1775.4112,675.6352,1775.5,675.5,0.866943359375,0.670166015625,-0.04175664062499995,0.025966015625000005
map-four-players,B-02-S1,location:B-02:0,Assets/YC/Presentation/Prefabs/Map/MapView.prefab,5134472095144035159,1562.4192,514.6624,1562.5,514.5,0.762939453125,0.748779296875,-0.04176054687499997,0.005579296875000028
map-four-players,B-02-S2,location:B-02:1,Assets/YC/Presentation/Prefabs/Map/MapView.prefab,3685868741773812225,1562.4192,472.88320000000004,1562.5,472.5,0.762939453125,0.769287109375,-0.04176054687499997,0.026087109375000028
map-four-players,B-03-S1,location:B-03:0,Assets/YC/Presentation/Prefabs/Map/MapView.prefab,3226965801348667865,1261.3632,649.0112,1261.5,649.0,0.615966796875,0.68310546875,-0.04173320312499995,0.00550546875000002
map-four-players,B-03-S2,location:B-03:1,Assets/YC/Presentation/Prefabs/Map/MapView.prefab,1739814726319637477,1261.3632,607.2320000000001,1261.5,607.0,0.615966796875,0.70361328125,-0.04173320312499995,0.02601328125000002
map-four-players,C-01-S1,location:C-01:0,Assets/YC/Presentation/Prefabs/Map/MapView.prefab,4948124998376846572,1563.648,198.86080000000004,1563.5,198.5,0.763427734375,0.903076171875,-0.041972265625000005,0.0056761718750000245
map-four-players,C-01-S2,location:C-01:1,Assets/YC/Presentation/Prefabs/Map/MapView.prefab,7730644722395131112,1563.648,157.08160000000004,1563.5,157.0,0.763427734375,0.92333984375,-0.041972265625000005,0.025939843750000025
map-four-players,C-02-S1,location:C-02:0,Assets/YC/Presentation/Prefabs/Map/MapView.prefab,3370345164866064565,828.4159999999999,346.7263999999999,828.5,346.5,0.404541015625,0.830810546875,-0.041758984374999975,0.005610546874999955
map-four-players,C-02-S2,location:C-02:1,Assets/YC/Presentation/Prefabs/Map/MapView.prefab,9053997920972291208,828.4159999999999,304.9471999999999,828.5,304.5,0.404541015625,0.851318359375,-0.041758984374999975,0.026118359374999955
map-four-players,C-03-S1,location:C-03:0,Assets/YC/Presentation/Prefabs/Map/MapView.prefab,416091294079041434,197.2224,431.104,197.5,430.5,0.096435546875,0.789794921875,-0.041664453125,0.005694921874999981
map-four-players,C-03-S2,location:C-03:1,Assets/YC/Presentation/Prefabs/Map/MapView.prefab,2657282899036800000,197.2224,389.3248,197.5,389.5,0.096435546875,0.809814453125,-0.041664453125,0.02571445312499998
map-four-players,D-01-S1,location:D-01:0,Assets/YC/Presentation/Prefabs/Map/MapView.prefab,3507108940780269200,1336.3200000000002,1331.4048,1336.5,1331.5,0.652587890625,0.349853515625,-0.04171210937500003,0.005453515625000016
map-four-players,D-01-S2,location:D-01:1,Assets/YC/Presentation/Prefabs/Map/MapView.prefab,9192680375166015363,1336.3200000000002,1289.6255999999998,1336.5,1289.5,0.652587890625,0.370361328125,-0.04171210937500003,0.025961328125000016
map-four-players,D-02-S1,location:D-02:0,Assets/YC/Presentation/Prefabs/Map/MapView.prefab,2324500309015563539,1045.9136,1428.4800000000002,1046.0,1428.0,0.5107421875,0.302734375,-0.04175781249999999,0.005734375000000014
map-four-players,D-02-S2,location:D-02:1,Assets/YC/Presentation/Prefabs/Map/MapView.prefab,1708173562923740507,1045.9136,1386.7008,1046.0,1386.5,0.5107421875,0.322998046875,-0.04175781249999999,0.025998046875000014
map-four-players,D-03-S1,location:D-03:0,Assets/YC/Presentation/Prefabs/Map/MapView.prefab,6862111933928523474,1081.1392,1035.6736,1081.5,1035.5,0.528076171875,0.494384765625,-0.041623828124999984,0.005584765624999988
map-four-players,D-03-S2,location:D-03:1,Assets/YC/Presentation/Prefabs/Map/MapView.prefab,5965692112338287700,1081.1392,993.8944,1081.5,993.5,0.528076171875,0.514892578125,-0.041623828124999984,0.026092578124999988
map-four-players,E-01-S1,location:E-01:0,Assets/YC/Presentation/Prefabs/Map/MapView.prefab,4172050191731178638,1054.5152,513.024,1055.0,513.0,0.51513671875,0.74951171875,-0.04156328124999997,0.005511718750000005
map-four-players,E-01-S2,location:E-01:1,Assets/YC/Presentation/Prefabs/Map/MapView.prefab,254589670990721205,1054.5152,471.2448,1055.0,471.0,0.51513671875,0.77001953125,-0.04156328124999997,0.026019531250000005
map-four-players,E-02-S1,location:E-02:0,Assets/YC/Presentation/Prefabs/Map/MapView.prefab,7770450520040644652,608.4608,637.9519999999999,608.5,637.5,0.297119140625,0.688720703125,-0.04178085937499998,0.0057207031249999485
map-four-players,E-02-S2,location:E-02:1,Assets/YC/Presentation/Prefabs/Map/MapView.prefab,7680660432385823638,608.4608,596.1727999999999,608.5,595.5,0.297119140625,0.709228515625,-0.04178085937499998,0.02622851562499995
map-four-players,E-03-S1,location:E-03:0,Assets/YC/Presentation/Prefabs/Map/MapView.prefab,7358694865439709655,315.5968,823.9104000000001,315.5,823.5,0.154052734375,0.597900390625,-0.04184726562499999,0.005700390625000051
map-four-players,E-03-S2,location:E-03:1,Assets/YC/Presentation/Prefabs/Map/MapView.prefab,7991776620412152860,315.5968,782.1312000000001,315.5,782.0,0.154052734375,0.6181640625,-0.04184726562499999,0.02596406250000005
map-four-players,F-01-S1,location:F-01:0,Assets/YC/Presentation/Prefabs/Map/MapView.prefab,4163821151280425303,592.896,1335.9104,593.0,1335.5,0.28955078125,0.347900390625,-0.04174921874999998,0.005700390624999996
map-four-players,F-01-S2,location:F-01:1,Assets/YC/Presentation/Prefabs/Map/MapView.prefab,3845593215973994861,592.896,1294.1311999999998,593.0,1294.0,0.28955078125,0.3681640625,-0.04174921874999998,0.025964062499999996
map-four-players,F-02-S1,location:F-02:0,Assets/YC/Presentation/Prefabs/Map/MapView.prefab,5011645325423366208,715.776,961.9455999999999,716.0,961.5,0.349609375,0.530517578125,-0.04169062499999998,0.005717578124999956
map-four-players,F-02-S2,location:F-02:1,Assets/YC/Presentation/Prefabs/Map/MapView.prefab,8175463154887369839,715.776,920.1664,716.0,920.0,0.349609375,0.55078125,-0.04169062499999998,0.025981249999999956
map-four-players,F-03-S1,location:F-03:0,Assets/YC/Presentation/Prefabs/Map/MapView.prefab,9099004494486663753,282.8288,1219.1744,283.0,1219.0,0.13818359375,0.40478515625,-0.041716406250000004,0.005585156250000001
map-four-players,F-03-S2,location:F-03:1,Assets/YC/Presentation/Prefabs/Map/MapView.prefab,8579136673181108797,282.8288,1177.3952,283.0,1177.5,0.13818359375,0.425048828125,-0.041716406250000004,0.025848828125
map-four-players,G-01-S1,location:G-01:0,Assets/YC/Presentation/Prefabs/Map/MapView.prefab,891647237203631995,1417.4208,1743.872,1417.5,1743.5,0.692138671875,0.148681640625,-0.041761328125,0.005681640625000012
map-four-players,G-01-S2,location:G-01:1,Assets/YC/Presentation/Prefabs/Map/MapView.prefab,8990122248586058027,1417.4208,1702.0928,1417.5,1702.0,0.692138671875,0.1689453125,-0.041761328125,0.025945312500000012
map-four-players,G-02-S1,location:G-02:0,Assets/YC/Presentation/Prefabs/Map/MapView.prefab,6271198238485107284,909.5168,1700.0448000000001,909.5,1699.5,0.444091796875,0.170166015625,-0.041808203125,0.005766015625000009
map-four-players,G-02-S2,location:G-02:1,Assets/YC/Presentation/Prefabs/Map/MapView.prefab,7811987699895031895,909.5168,1658.2656,909.5,1658.0,0.444091796875,0.1904296875,-0.041808203125,0.02602968750000001
map-four-players,G-03-S1,location:G-03:0,Assets/YC/Presentation/Prefabs/Map/MapView.prefab,6926058244267750080,212.78719999999998,1793.0240000000001,213.0,1792.5,0.10400390625,0.124755859375,-0.041696093749999996,0.005755859375000005
map-four-players,G-03-S2,location:G-03:1,Assets/YC/Presentation/Prefabs/Map/MapView.prefab,7181795124021704522,212.78719999999998,1751.2448,213.0,1751.0,0.10400390625,0.14501953125,-0.041696093749999996,0.026019531250000005
map-four-players,G-04-S1,location:G-04:0,Assets/YC/Presentation/Prefabs/Map/MapView.prefab,6189700966507795295,562.9952,1567.3344000000002,563.5,1567.0,0.275146484375,0.23486328125,-0.04155351562499998,0.005663281250000013
map-four-players,G-04-S2,location:G-04:1,Assets/YC/Presentation/Prefabs/Map/MapView.prefab,2320765326537465720,562.9952,1525.5552,563.5,1525.5,0.275146484375,0.255126953125,-0.04155351562499998,0.025926953125000013
map-four-players,L01-S1,route:G1:0,Assets/YC/Presentation/Prefabs/Map/MapView.prefab,4807132163063924068,657.2032,1841.3568,657.5,1841.5,0.321044921875,0.100830078125,0.00014492187499998144,-6.992187500000357e-05
map-four-players,L02-S1,route:R1:0,Assets/YC/Presentation/Prefabs/Map/MapView.prefab,8289480569966813580,1402.6752,1550.9504,1403.0,1550.5,0.68505859375,0.242919921875,-0.008841406249999961,0.00021992187500000093
map-four-players,L02-S2,route:R1:1,Assets/YC/Presentation/Prefabs/Map/MapView.prefab,8531352703907842874,1439.5392,1550.9504,1440.0,1550.5,0.703125,0.242919921875,0.009225000000000039,0.00021992187500000093
map-four-players,L03-S1,route:G2:0,Assets/YC/Presentation/Prefabs/Map/MapView.prefab,6442722820791651637,371.712,1544.8064,372.0,1544.5,0.181640625,0.245849609375,0.00014062500000000533,0.00014960937499999827
map-four-players,L04-S1,route:F1:0,Assets/YC/Presentation/Prefabs/Map/MapView.prefab,2527750346819391085,900.096,1427.2512000000002,900.5,1427.0,0.439697265625,0.30322265625,0.00019726562499999822,0.00012265625000001945
map-four-players,L05-S1,route:F3:0,Assets/YC/Presentation/Prefabs/Map/MapView.prefab,2762007620970994241,379.0848,1407.1808,379.5,1407.0,0.185302734375,0.31298828125,-0.008797265624999995,8.828124999998854e-05
map-four-players,L05-S2,route:F3:1,Assets/YC/Presentation/Prefabs/Map/MapView.prefab,3797629597819679881,415.9488,1407.1808,416.0,1407.0,0.203125,0.31298828125,0.009025000000000005,8.828124999998854e-05
map-four-players,L06-S1,route:R2:0,Assets/YC/Presentation/Prefabs/Map/MapView.prefab,7166865768799869788,1871.6672,1319.9360000000001,1872.0,1319.5,0.9140625,0.355712890625,-0.008837500000000054,0.00021289062500001732
map-four-players,L06-S2,route:R2:1,Assets/YC/Presentation/Prefabs/Map/MapView.prefab,7732383656953073027,1908.5312000000001,1319.9360000000001,1908.5,1319.5,0.931884765625,0.355712890625,0.008984765624999946,0.00021289062500001732
map-four-players,L07-S1,route:A1:0,Assets/YC/Presentation/Prefabs/Map/MapView.prefab,268283955785537498,1673.8304,1319.1168,1674.0,1319.0,0.8173828125,0.35595703125,8.281249999997353e-05,5.703125000000586e-05
map-four-players,L08-S1,route:D1:0,Assets/YC/Presentation/Prefabs/Map/MapView.prefab,6084484322655742792,1186.4064,1251.5328,1186.5,1251.5,0.579345703125,0.388916015625,-0.008954296875000045,1.6015624999976552e-05
map-four-players,L08-S2,route:D1:1,Assets/YC/Presentation/Prefabs/Map/MapView.prefab,6811861939896162695,1223.2704,1251.5328,1223.5,1251.5,0.597412109375,0.388916015625,0.009112109374999955,1.6015624999976552e-05
map-four-players,L09-S1,route:D2:0,Assets/YC/Presentation/Prefabs/Map/MapView.prefab,9081186758259974586,933.2736,1157.7344,933.5,1157.5,0.455810546875,0.434814453125,-0.008889453125000002,0.00011445312500002469
map-four-players,L09-S2,route:D2:1,Assets/YC/Presentation/Prefabs/Map/MapView.prefab,6851784222336467298,970.1376,1157.7344,970.5,1157.5,0.473876953125,0.434814453125,0.009176953124999998,0.00011445312500002469
map-four-players,L10-S1,route:F2:0,Assets/YC/Presentation/Prefabs/Map/MapView.prefab,1075958646709636291,663.7568,1145.856,664.0,1145.5,0.32421875,0.440673828125,0.0001187500000000008,0.00017382812499999734
map-four-players,L11-S1,route:R3:0,Assets/YC/Presentation/Prefabs/Map/MapView.prefab,5719164516075486113,186.1632,1136.0256,186.5,1136.0,0.091064453125,0.4453125,0.0001644531250000053,1.2500000000026379e-05
map-four-players,L12-S1,route:R4:0,Assets/YC/Presentation/Prefabs/Map/MapView.prefab,8963860111587095931,370.0736,1028.3008,370.5,1028.5,0.180908203125,0.497802734375,0.0002082031250000005,-9.726562500000924e-05
map-four-players,L13-S1,route:R5:0,Assets/YC/Presentation/Prefabs/Map/MapView.prefab,4594464769654618219,587.5712,939.4176,588.0,939.0,0.287109375,0.54150390625,0.00020937500000001164,0.00020390624999999662
map-four-players,L14-S1,route:R6:0,Assets/YC/Presentation/Prefabs/Map/MapView.prefab,8244779410824226686,1786.88,928.3584000000001,1787.0,928.0,0.87255859375,0.546875,5.859374999994671e-05,0.00017500000000003624
map-four-players,L15-S1,route:A2:0,Assets/YC/Presentation/Prefabs/Map/MapView.prefab,5070242085750234527,1435.0336,842.3424,1435.5,842.5,0.700927734375,0.588623046875,-0.008772265624999998,-7.695312500000107e-05
map-four-players,L15-S2,route:A2:1,Assets/YC/Presentation/Prefabs/Map/MapView.prefab,5665260518624233828,1471.8976,842.3424,1472.0,842.5,0.71875,0.588623046875,0.009050000000000002,-7.695312500000107e-05
map-four-players,L16-S1,route:R7:0,Assets/YC/Presentation/Prefabs/Map/MapView.prefab,2329753017502141242,1162.24,824.3199999999999,1162.5,824.5,0.567626953125,0.597412109375,-0.008873046875000012,-8.789062500003109e-05
map-four-players,L16-S2,route:R7:1,Assets/YC/Presentation/Prefabs/Map/MapView.prefab,6498187032545007671,1199.104,824.3199999999999,1199.5,824.0,0.585693359375,0.59765625,0.009193359374999988,0.00015624999999996891
map-four-players,L17-S1,route:B1:0,Assets/YC/Presentation/Prefabs/Map/MapView.prefab,5432711258200228731,1590.272,759.1936000000001,1590.5,759.0,0.776611328125,0.62939453125,0.00011132812500003197,9.453125000002949e-05
map-four-players,L18-S1,route:E1:0,Assets/YC/Presentation/Prefabs/Map/MapView.prefab,9116554256260566177,930.4064,680.1407999999999,930.5,680.0,0.454345703125,0.66796875,-0.00895429687499999,6.87499999999508e-05
map-four-players,L18-S2,route:E1:1,Assets/YC/Presentation/Prefabs/Map/MapView.prefab,782039826344955570,967.2704,680.1407999999999,967.5,680.0,0.472412109375,0.66796875,0.00911210937500001,6.87499999999508e-05
map-four-players,L19-S1,route:E2:0,Assets/YC/Presentation/Prefabs/Map/MapView.prefab,8092518966024998143,402.0224,629.76,402.0,629.5,0.1962890625,0.692626953125,-0.00901093750000001,0.00012695312499999556
map-four-players,L19-S2,route:E2:1,Assets/YC/Presentation/Prefabs/Map/MapView.prefab,2605906829553646936,438.88640000000004,629.76,439.0,629.5,0.21435546875,0.692626953125,0.00905546874999999,0.00012695312499999556
map-four-players,L20-S1,route:C1:0,Assets/YC/Presentation/Prefabs/Map/MapView.prefab,296752317050534636,621.568,365.568,621.5,365.5,0.303466796875,0.821533203125,-3.3203124999992006e-05,3.3203124999992006e-05
map-four-players,L21-S1,route:C2:0,Assets/YC/Presentation/Prefabs/Map/MapView.prefab,5982821665515188418,1358.4384,359.0144,1358.5,358.5,0.663330078125,0.824951171875,-0.008969921875000009,0.00025117187500001137
map-four-players,L21-S2,route:C2:1,Assets/YC/Presentation/Prefabs/Map/MapView.prefab,6906633723295036025,1395.3024,359.0144,1395.5,358.5,0.681396484375,0.824951171875,0.009096484374999991,0.00025117187500001137
map-four-players,L22-S1,route:B2:0,Assets/YC/Presentation/Prefabs/Map/MapView.prefab,2874058327820413006,1817.1904,337.3055999999999,1817.5,337.5,0.887451171875,0.835205078125,-0.008848828124999986,-9.492187500004245e-05
map-four-players,L22-S2,route:B2:1,Assets/YC/Presentation/Prefabs/Map/MapView.prefab,2296536845785849677,1854.0544,337.3055999999999,1854.5,337.0,0.905517578125,0.83544921875,0.009217578125000014,0.00014921874999995755
map-three-players,A-01-S1,location:A-01:0,Assets/Resources/MapViews/map-three-players.prefab,1022901982665886119,1774.08,1536.0,1774.5,1577.0,0.866455078125,0.22998046875,-0.04229492187499995,0.0062304687499999956
map-three-players,A-01-S2,location:A-01:1,Assets/Resources/MapViews/map-three-players.prefab,889421340547519018,1774.08,1576.96,1774.5,1535.5,0.866455078125,0.250244140625,-0.04229492187499995,0.026494140624999996
map-three-players,A-02-S1,location:A-02:0,Assets/Resources/MapViews/map-three-players.prefab,1265872307797988360,1683.2,1085.44,1684.0,1126.0,0.822265625,0.4501953125,-0.04148437500000002,0.006445312500000022
map-three-players,A-02-S2,location:A-02:1,Assets/Resources/MapViews/map-three-players.prefab,3153431446167684598,1683.2,1126.4,1684.0,1084.5,0.822265625,0.470458984375,-0.04148437500000002,0.026708984375000022
map-three-players,A-03-S1,location:A-03:0,Assets/Resources/MapViews/map-three-players.prefab,4874176304646606199,1365.76,1218.5600000000002,1365.5,1260.5,0.666748046875,0.384521484375,-0.04200195312499999,0.005771484375000024
map-three-players,A-03-S2,location:A-03:1,Assets/Resources/MapViews/map-three-players.prefab,972017418782286023,1365.76,1259.5200000000002,1365.5,1218.5,0.666748046875,0.405029296875,-0.04200195312499999,0.026279296875000024
map-three-players,B-01-S1,location:B-01:0,Assets/Resources/MapViews/map-three-players.prefab,62866726748100108,1788.16,636.1600000000001,1788.0,676.5,0.873046875,0.669677734375,-0.041953125000000036,0.0065527343750000355
map-three-players,B-01-S2,location:B-01:1,Assets/Resources/MapViews/map-three-players.prefab,4405864288137734961,1788.16,677.1200000000001,1788.0,635.0,0.873046875,0.68994140625,-0.041953125000000036,0.026816406250000036
map-three-players,B-02-S1,location:B-02:0,Assets/Resources/MapViews/map-three-players.prefab,5470790471587222798,1519.36,491.52,1520.5,533.5,0.742431640625,0.739501953125,-0.04131835937499995,0.005751953124999987
map-three-players,B-02-S2,location:B-02:1,Assets/Resources/MapViews/map-three-players.prefab,3058805341266518024,1519.36,532.48,1520.5,491.5,0.742431640625,0.760009765625,-0.04131835937499995,0.026259765624999987
map-three-players,B-03-S1,location:B-03:0,Assets/Resources/MapViews/map-three-players.prefab,4634202798061982965,1264.64,686.0799999999999,1265.5,725.5,0.617919921875,0.645751953125,-0.041455078125000044,0.00700195312499996
map-three-players,B-03-S2,location:B-03:1,Assets/Resources/MapViews/map-three-players.prefab,2867735135482059546,1264.64,727.04,1265.5,683.5,0.617919921875,0.666259765625,-0.041455078125000044,0.02750976562499996
map-three-players,C-01-S1,location:C-01:0,Assets/Resources/MapViews/map-three-players.prefab,2124533934621054971,1459.2,153.5999999999999,1458.5,193.0,0.712158203125,0.90576171875,-0.04221679687500002,0.007011718749999951
map-three-players,C-01-S2,location:C-01:1,Assets/Resources/MapViews/map-three-players.prefab,5594673133103706766,1459.2,194.5599999999999,1458.5,151.0,0.712158203125,0.92626953125,-0.04221679687500002,0.02751953124999995
map-three-players,C-02-S1,location:C-02:0,Assets/Resources/MapViews/map-three-players.prefab,4123353497305670176,962.56,240.6400000000001,962.5,280.5,0.469970703125,0.863037109375,-0.04190429687499997,0.006787109375000044
map-three-players,C-02-S2,location:C-02:1,Assets/Resources/MapViews/map-three-players.prefab,510197824063875123,962.56,281.6000000000001,962.5,239.0,0.469970703125,0.88330078125,-0.04190429687499997,0.027050781250000044
map-three-players,C-03-S1,location:C-03:0,Assets/Resources/MapViews/map-three-players.prefab,140552224543507091,312.32,220.16000000000008,312.5,261.0,0.152587890625,0.87255859375,-0.04178710937499999,0.0063085937500000355
map-three-players,C-03-S2,location:C-03:1,Assets/Resources/MapViews/map-three-players.prefab,332774256532558674,312.32,261.12000000000006,312.5,219.0,0.152587890625,0.89306640625,-0.04178710937499999,0.026816406250000036
map-three-players,D-01-S1,location:D-01:0,Assets/Resources/MapViews/map-three-players.prefab,1684898927887209238,1312.0,1571.84,1313.0,1613.0,0.64111328125,0.21240234375,-0.041386718749999996,0.006152343750000011
map-three-players,D-01-S2,location:D-01:1,Assets/Resources/MapViews/map-three-players.prefab,4747030922104128414,1312.0,1612.8,1313.0,1571.5,0.64111328125,0.232666015625,-0.041386718749999996,0.02641601562500001
map-three-players,D-02-S1,location:D-02:0,Assets/Resources/MapViews/map-three-players.prefab,4970322979689604566,925.44,1543.68,924.5,1585.5,0.451416015625,0.225830078125,-0.04233398437500002,0.005830078124999999
map-three-players,D-02-S2,location:D-02:1,Assets/Resources/MapViews/map-three-players.prefab,2161059616160272816,925.44,1584.64,924.5,1543.5,0.451416015625,0.246337890625,-0.04233398437500002,0.026337890625
map-three-players,D-03-S1,location:D-03:0,Assets/Resources/MapViews/map-three-players.prefab,2311205585613402954,943.3599999999999,1064.96,945.5,1107.5,0.461669921875,0.459228515625,-0.04083007812499995,0.005478515625000013
map-three-players,D-03-S2,location:D-03:1,Assets/Resources/MapViews/map-three-players.prefab,2080904565779314159,943.3599999999999,1105.92,945.5,1065.5,0.461669921875,0.479736328125,-0.04083007812499995,0.025986328125000013
map-three-players,E-01-S1,location:E-01:0,Assets/Resources/MapViews/map-three-players.prefab,6659292604620318826,935.6800000000001,629.76,935.5,672.5,0.456787109375,0.671630859375,-0.04196289062500003,0.005380859374999991
map-three-players,E-01-S2,location:E-01:1,Assets/Resources/MapViews/map-three-players.prefab,7037001615715235735,935.6800000000001,670.72,935.5,630.5,0.456787109375,0.692138671875,-0.04196289062500003,0.02588867187499999
map-three-players,E-02-S1,location:E-02:0,Assets/Resources/MapViews/map-three-players.prefab,4574345435414958607,451.84000000000003,609.28,452.5,649.0,0.220947265625,0.68310546875,-0.04155273437500001,0.006855468749999982
map-three-players,E-02-S2,location:E-02:1,Assets/Resources/MapViews/map-three-players.prefab,3236006341176607125,451.84000000000003,650.24,452.0,607.0,0.220703125,0.70361328125,-0.04179687500000001,0.027363281249999982
map-three-players,E-03-S1,location:E-03:0,Assets/Resources/MapViews/map-three-players.prefab,3744246858327371179,172.8,727.04,173.0,768.0,0.08447265625,0.625,-0.04177734375,0.006249999999999978
map-three-players,E-03-S2,location:E-03:1,Assets/Resources/MapViews/map-three-players.prefab,8044864419435346837,172.8,768.0,173.0,726.5,0.08447265625,0.645263671875,-0.04177734375,0.026513671874999978
map-three-players,F-01-S1,location:F-01:0,Assets/Resources/MapViews/map-three-players.prefab,2340516998582540744,499.20000000000005,1464.32,499.5,1506.0,0.243896484375,0.2646484375,-0.04172851562500002,0.00589843750000002
map-three-players,F-01-S2,location:F-01:1,Assets/Resources/MapViews/map-three-players.prefab,1582302268904660231,499.20000000000005,1505.28,499.5,1464.5,0.243896484375,0.284912109375,-0.04172851562500002,0.02616210937500002
map-three-players,F-02-S1,location:F-02:0,Assets/Resources/MapViews/map-three-players.prefab,7969370523899594900,549.12,1040.64,549.5,1083.0,0.268310546875,0.47119140625,-0.041689453125,0.005566406249999989
map-three-players,F-02-S2,location:F-02:1,Assets/Resources/MapViews/map-three-players.prefab,4754085929118860941,549.12,1081.6000000000001,549.5,1041.5,0.268310546875,0.491455078125,-0.041689453125,0.02583007812499999
map-three-players,F-03-S1,location:F-03:0,Assets/Resources/MapViews/map-three-players.prefab,6609831200130644174,165.12,1162.24,165.0,1203.5,0.08056640625,0.412353515625,-0.04193359375,0.006103515625
map-three-players,F-03-S2,location:F-03:1,Assets/Resources/MapViews/map-three-players.prefab,5109750900725313155,165.12,1203.2,165.5,1161.5,0.080810546875,0.432861328125,-0.041689453125,0.026611328125
map-three-players,L01-S1,route:R1:0,Assets/Resources/MapViews/map-three-players.prefab,1250289024842416688,1610.24,1657.6,1611.5,1658.0,0.786865234375,0.1904296875,0.0006152343749999956,-0.0001953124999999889
map-three-players,L02-S1,route:F1:0,Assets/Resources/MapViews/map-three-players.prefab,7186332318409229395,780.8,1568.0,780.5,1569.5,0.381103515625,0.233642578125,-0.0001464843749999778,-0.000732421875
map-three-players,L03-S1,route:D1:0,Assets/Resources/MapViews/map-three-players.prefab,5007091535143759484,1207.04,1472.0,1207.5,1472.0,0.589599609375,0.28125,-0.009150390625000004,0.0
map-three-players,L03-S2,route:D1:1,Assets/Resources/MapViews/map-three-players.prefab,4193872542792398884,1245.44,1472.0,1244.5,1472.0,0.607666015625,0.28125,0.008916015624999996,0.0
map-three-players,L04-S1,route:F3:0,Assets/Resources/MapViews/map-three-players.prefab,6502538554657745164,371.2,1400.3200000000002,371.0,1401.5,0.18115234375,0.315673828125,-9.765624999999445e-05,-0.0005761718749999756
map-three-players,L05-S1,route:A1:0,Assets/Resources/MapViews/map-three-players.prefab,4290726348275703051,1779.2,1337.6,1779.5,1337.0,0.868896484375,0.34716796875,0.0001464843749999778,0.0002929687500000111
map-three-players,L06-S1,route:D2:0,Assets/Resources/MapViews/map-three-players.prefab,1756466170928374639,811.52,1322.24,813.0,1322.5,0.39697265625,0.354248046875,-0.008652343750000013,-0.00012695312499999556
map-three-players,L06-S2,route:D2:1,Assets/Resources/MapViews/map-three-players.prefab,4780163058548778336,849.9200000000001,1322.24,850.0,1322.5,0.4150390625,0.354248046875,0.009414062499999987,-0.00012695312499999556
map-three-players,L07-S1,route:F2:0,Assets/Resources/MapViews/map-three-players.prefab,5436163329273541784,615.68,1291.52,616.0,1292.5,0.30078125,0.368896484375,0.00015625000000002442,-0.0004785156250000089
map-three-players,L08-S1,route:R2:0,Assets/Resources/MapViews/map-three-players.prefab,4460289763101835835,1904.64,1272.3200000000002,1905.0,1274.0,0.93017578125,0.3779296875,0.00017578124999995115,-0.0008203124999999756
map-three-players,L09-S1,route:A2:0,Assets/Resources/MapViews/map-three-players.prefab,7802779675886532799,1468.1599999999999,1016.3199999999999,1468.5,1016.5,0.717041015625,0.503662109375,-0.009208984374999951,-8.789062500003109e-05
map-three-players,L09-S2,route:A2:1,Assets/Resources/MapViews/map-three-players.prefab,8749276181410426917,1506.56,1016.3199999999999,1505.5,1016.5,0.735107421875,0.503662109375,0.008857421875000049,-8.789062500003109e-05
map-three-players,L10-S1,route:R4:0,Assets/Resources/MapViews/map-three-players.prefab,8517169690688775320,204.8,976.6400000000001,206.0,976.0,0.1005859375,0.5234375,-0.0087890625,0.00031250000000004885
map-three-players,L10-S2,route:R4:1,Assets/Resources/MapViews/map-three-players.prefab,2091422516498916081,243.2,976.6400000000001,243.0,976.0,0.11865234375,0.5234375,0.00927734375,0.00031250000000004885
map-three-players,L11-S1,route:R6:0,Assets/Resources/MapViews/map-three-players.prefab,5833087378429974492,1825.28,926.72,1825.5,926.5,0.891357421875,0.547607421875,0.00010742187500001332,0.00010742187500001332
map-three-players,L12-S1,route:R7:0,Assets/Resources/MapViews/map-three-players.prefab,5640848341211326620,1113.6,885.76,1114.0,886.5,0.5439453125,0.567138671875,-0.009179687499999978,-0.00036132812500000444
map-three-players,L12-S2,route:R7:1,Assets/Resources/MapViews/map-three-players.prefab,3780158415209761390,1152.0,885.76,1151.0,886.5,0.56201171875,0.567138671875,0.008886718750000022,-0.00036132812500000444
map-three-players,L13-S1,route:E1:0,Assets/Resources/MapViews/map-three-players.prefab,7646649808857398210,627.1999999999999,864.0,627.0,864.5,0.30615234375,0.577880859375,-0.009472656249999989,-0.000244140625
map-three-players,L13-S2,route:E1:1,Assets/Resources/MapViews/map-three-players.prefab,5767720543196066967,665.6,864.0,664.0,864.5,0.32421875,0.577880859375,0.008593750000000011,-0.000244140625
map-three-players,L14-S1,route:B1:0,Assets/Resources/MapViews/map-three-players.prefab,8231604523029778005,1616.64,787.2,1618.0,788.0,0.7900390625,0.615234375,0.0006640624999999512,-0.0003906249999999778
map-three-players,L15-S1,route:R5:0,Assets/Resources/MapViews/map-three-players.prefab,628469272010658547,1043.2,465.9200000000001,1043.0,466.5,0.50927734375,0.772216796875,-9.76562500000222e-05,-0.00028320312499996447
map-three-players,L16-S1,route:E2:0,Assets/Resources/MapViews/map-three-players.prefab,8168441759594394525,280.32,460.79999999999995,282.5,461.0,0.137939453125,0.77490234375,-0.008310546874999991,-9.76562500000222e-05
map-three-players,L16-S2,route:E2:1,Assets/Resources/MapViews/map-three-players.prefab,4510132067399137618,318.71999999999997,460.79999999999995,319.0,461.0,0.15576171875,0.77490234375,0.009511718750000009,-9.76562500000222e-05
map-three-players,L17-S1,route:R3:0,Assets/Resources/MapViews/map-three-players.prefab,4958217282486591374,718.08,442.8800000000001,719.0,443.0,0.35107421875,0.78369140625,0.00044921874999998,-5.859374999994671e-05
map-three-players,L18-S1,route:C2:0,Assets/Resources/MapViews/map-three-players.prefab,1678997240096172619,1309.44,371.20000000000005,1320.5,371.5,0.644775390625,0.818603515625,-0.003974609375000049,-0.0001464843749999778
map-three-players,L18-S2,route:C2:1,Assets/Resources/MapViews/map-three-players.prefab,6762161858887151538,1347.8400000000001,371.20000000000005,1357.5,371.5,0.662841796875,0.818603515625,0.014091796874999951,-0.0001464843749999778
map-three-players,L19-S1,route:B2:0,Assets/Resources/MapViews/map-three-players.prefab,7204782698482270137,1762.56,268.79999999999995,1763.0,268.5,0.86083984375,0.868896484375,-0.009160156249999996,0.0001464843749999778
map-three-players,L19-S2,route:B2:1,Assets/Resources/MapViews/map-three-players.prefab,86374094075907292,1800.96,268.79999999999995,1799.5,268.5,0.878662109375,0.868896484375,0.008662109375000004,0.0001464843749999778
map-three-players,L20-S1,route:C1:0,Assets/Resources/MapViews/map-three-players.prefab,6774713239317687899,714.24,183.03999999999996,714.5,182.5,0.348876953125,0.910888671875,0.00012695312499999556,0.00026367187499998224
