地图ID,类别,素材ID,规则ID,槽数,区域,连接地点,X2048,Y2048,形状
map-four-players,resource,A-01,A-01,2,,,1680.5,1548.25,resource
map-four-players,resource,A-02,A-02,2,,,1668.0,1137.25,resource
map-four-players,resource,A-03,A-03,2,,,1379.5,1077.0,resource
map-four-players,resource,B-01,B-01,2,,,1818.5,730.25,resource
map-four-players,resource,B-02,B-02,2,,,1605.5,527.25,resource
map-four-players,resource,B-03,B-03,2,,,1304.5,661.75,resource
map-four-players,resource,C-01,C-01,2,,,1606.5,211.5,resource
map-four-players,resource,C-02,C-02,2,,,871.5,359.25,resource
map-four-players,resource,C-03,C-03,2,,,240.5,443.75,resource
map-four-players,resource,D-01,D-01,2,,,1379.5,1344.25,resource
map-four-players,resource,D-02,D-02,2,,,1089.0,1441.0,resource
map-four-players,resource,D-03,D-03,2,,,1124.5,1048.25,resource
map-four-players,resource,E-01,E-01,2,,,1098.0,525.75,resource
map-four-players,resource,E-02,E-02,2,,,651.5,650.25,resource
map-four-players,resource,E-03,E-03,2,,,358.5,836.5,resource
map-four-players,resource,F-01,F-01,2,,,636.0,1348.5,resource
map-four-players,resource,F-02,F-02,2,,,759.0,974.5,resource
map-four-players,resource,F-03,F-03,2,,,326.0,1232.0,resource
map-four-players,resource,G-01,G-01,2,,,1460.5,1756.5,resource
map-four-players,resource,G-02,G-02,2,,,952.5,1712.5,resource
map-four-players,resource,G-03,G-03,2,,,256.0,1805.5,resource
map-four-players,resource,G-04,G-04,2,,,606.5,1580.0,resource
map-four-players,route,L01,G1,1,G,G-02|G-03,633.5,1856.5,route-single
map-four-players,route,L02,R1,2,R,A-01|D-01|G-01|G-02,1392.5,1565.5,route-double
map-four-players,route,L03,G2,1,G,G-03|G-04,348.0,1559.5,route-single
map-four-players,route,L04,F1,1,F,D-02|F-01,876.5,1442.0,route-single
map-four-players,route,L05,F3,2,F,F-01|F-03|G-04,369.0,1422.0,route-double
map-four-players,route,L06,R2,2,R,A-01|B-01|G-01,1861.5,1334.5,route-double
map-four-players,route,L07,A1,1,A,A-01|A-02,1650.0,1334.0,route-single
map-four-players,route,L08,D1,2,D,A-03|D-01|D-02|D-03,1176.0,1266.5,route-double
map-four-players,route,L09,D2,2,D,D-02|D-03|F-02,923.0,1172.5,route-double
map-four-players,route,L10,F2,1,F,F-01|F-02,640.0,1160.5,route-single
map-four-players,route,L11,R3,1,R,C-03|G-03,162.5,1151.0,route-single
map-four-players,route,L12,R4,1,R,E-03|F-03,346.5,1043.5,route-single
map-four-players,route,L13,R5,1,R,E-03|F-02,564.0,954.0,route-single
map-four-players,route,L14,R6,1,R,A-02|B-01,1763.0,943.0,route-single
map-four-players,route,L15,A2,2,A,A-02|A-03|B-03,1425.0,857.5,route-double
map-four-players,route,L16,R7,2,R,B-03|D-03|E-01,1152.0,839.5,route-double
map-four-players,route,L17,B1,1,B,A-02|B-02,1566.5,774.0,route-single
map-four-players,route,L18,E1,2,E,E-01|E-02|F-02,920.0,695.0,route-double
map-four-players,route,L19,E2,2,E,C-03|E-02|E-03,391.5,644.5,route-double
map-four-players,route,L20,C1,1,C,C-02|C-03,597.5,380.5,route-single
map-four-players,route,L21,C2,2,C,B-02|B-03|C-01|C-02,1348.0,373.5,route-double
map-four-players,route,L22,B2,2,B,B-01|B-02|C-01,1807.0,352.5,route-double
map-three-players,resource,A-01,A-01,2,,,1817.5,1590.0,resource
map-three-players,resource,A-02,A-02,2,,,1727.0,1139.0,resource
map-three-players,resource,A-03,A-03,2,,,1408.5,1273.25,resource
map-three-players,resource,B-01,B-01,2,,,1831.0,689.5,resource
map-three-players,resource,B-02,B-02,2,,,1563.5,546.25,resource
map-three-players,resource,B-03,B-03,2,,,1308.5,738.25,resource
map-three-players,resource,C-01,C-01,2,,,1501.5,205.75,resource
map-three-players,resource,C-02,C-02,2,,,1005.5,293.5,resource
map-three-players,resource,C-03,C-03,2,,,355.5,273.75,resource
map-three-players,resource,D-01,D-01,2,,,1356.0,1626.0,resource
map-three-players,resource,D-02,D-02,2,,,967.5,1598.25,resource
map-three-players,resource,D-03,D-03,2,,,988.5,1120.25,resource
map-three-players,resource,E-01,E-01,2,,,978.5,685.25,resource
map-three-players,resource,E-02,E-02,2,,,495.25,661.75,resource
map-three-players,resource,E-03,E-03,2,,,216.0,781.0,resource
map-three-players,resource,F-01,F-01,2,,,542.5,1519.0,resource
map-three-players,resource,F-02,F-02,2,,,592.5,1096.0,resource
map-three-players,resource,F-03,F-03,2,,,208.25,1216.25,resource
map-three-players,route,L01,R1,1,R,A-01|D-01,1587.5,1673.0,route-single
map-three-players,route,L02,F1,1,F,D-02|F-01,756.5,1584.5,route-single
map-three-players,route,L03,D1,2,D,A-03|D-01|D-02|D-03,1197.0,1487.0,route-double
map-three-players,route,L04,F3,1,F,F-01|F-03,347.0,1416.5,route-single
map-three-players,route,L05,A1,1,A,A-01|A-02,1755.5,1352.0,route-single
map-three-players,route,L06,D2,2,D,D-02|D-03|F-02,802.5,1337.5,route-double
map-three-players,route,L07,F2,1,F,F-01|F-02,592.0,1307.5,route-single
map-three-players,route,L08,R2,1,R,A-01|B-01,1881.0,1289.0,route-single
map-three-players,route,L09,A2,2,A,A-02|A-03|B-03,1458.0,1031.5,route-double
map-three-players,route,L10,R4,2,R,E-03|F-02|F-03,195.5,991.0,route-double
map-three-players,route,L11,R6,1,R,A-02|B-01,1801.5,941.5,route-single
map-three-players,route,L12,R7,2,R,B-03|D-03|E-01,1103.5,901.5,route-double
map-three-players,route,L13,E1,2,E,E-01|E-02|F-02,616.5,879.5,route-double
map-three-players,route,L14,B1,1,B,A-02|B-02,1594.0,803.0,route-single
map-three-players,route,L15,R5,1,R,C-02|E-01,1019.0,481.5,route-single
map-three-players,route,L16,E2,2,E,C-03|E-02|E-03,272.0,476.0,route-double
map-three-players,route,L17,R3,1,R,C-03|E-01,695.0,458.0,route-single
map-three-players,route,L18,C2,2,C,B-02|B-03|C-01|C-02,1310.0,386.5,route-double
map-three-players,route,L19,B2,2,B,B-01|B-02|C-01,1752.5,283.5,route-double
map-three-players,route,L20,C1,1,C,C-02|C-03,690.5,197.5,route-single
